{
    "table_breakfast": {
        "x_min": 1.510450,
        "x_max": 2.043614,
        "y_min": 2.531804,
        "y_max": 3.062907,
        "z_min": 0.50,
        "z_max": 0.501
    },
    "file_cabinet_large_a": {
        "x_min": 2.718190,
        "x_max": 3.152182,
        "y_min": 1.325330,
        "y_max": 3.152182,
        "z_min": 0.661,
        "z_max": 0.662
    },
    "Fridge_Cabinet_a": {
        "x_min": -0.918381,
        "x_max": 0.583937,
        "y_min": 3.618697,
        "y_max": 4.061340,
        "z_min": 0.387,
        "z_max": 0.388
    },
    "wall_left_a_0": {
        "x_min": -0.867559,
        "x_max": -0.771116,
        "y_min": 3.899559,
        "y_max": 4.058175,
        "z_min": 1.223,
        "z_max": 1.224
    },
    "wall_left_a_1": {
        "x_min": -0.617481,
        "x_max": -0.517508,
        "y_min": 3.899559,
        "y_max": 4.058175,
        "z_min": 1.223,
        "z_max": 1.224
    },
    "wall_left_a_2": {
        "x_min": -0.366445,
        "x_max": -0.280856,
        "y_min": 3.899559,
        "y_max": 4.058175,
        "z_min": 1.223,
        "z_max": 1.224
    },
    "wall_left_a_3": {
        "x_min": -0.105088,
        "x_max": -0.006049,
        "y_min": 3.899559,
        "y_max": 4.058175,
        "z_min": 1.223,
        "z_max": 1.224
    },
    "wall_left_a_4": {
        "x_min": 0.146177,
        "x_max": 0.244692,
        "y_min": 3.899559,
        "y_max": 4.058175,
        "z_min": 1.223,
        "z_max": 1.224
    },
    "wall_left_a_5": {
        "x_min": 0.398127,
        "x_max": 0.485874,
        "y_min": 3.899559,
        "y_max": 4.058175,
        "z_min": 1.223,
        "z_max": 1.224
    },
    "side_table_a_1": {
        "x_min": -1.309770,
        "x_max": -1.186107,
        "y_min": 3.826860,
        "y_max": 3.931048,
        "z_min": 0.300,
        "z_max": 0.301
    },
    "side_table_a_2": {
        "x_min": -1.309770,
        "x_max": -1.186107,
        "y_min": 3.826860,
        "y_max": 3.931048,
        "z_min": 0.600,
        "z_max": 0.601
    },
    "side_table_b_1": {
        "x_min": -1.941980,
        "x_max": -1.694462,
        "y_min": 3.826860,
        "y_max": 3.931048,
        "z_min": 0.300,
        "z_max": 0.301
    },
    "side_table_b_2": {
        "x_min": -1.941980,
        "x_max": -1.694462,
        "y_min": 3.826860,
        "y_max": 3.931048,
        "z_min": 0.600,
        "z_max": 0.601
    },
    "drawer_white_a": {
        "x_min": -2.547288,
        "x_max": -2.156966,
        "y_min": 3.521933,
        "y_max": 4.006926,
        "z_min": 0.900,
        "z_max": 0.901
    },
    "drawer_white_b": {
        "x_min": -3.107412,
        "x_max": -2.735501,
        "y_min": 3.496462,
        "y_max": 4.017218,
        "z_min": 0.900,
        "z_max": 0.901
    },
    "bookshelf_a_1": {
        "x_min": -3.081262,
        "x_max": -2.835364,
        "y_min": 1.029520,
        "y_max": 2.082370,
        "z_min": 0.050,
        "z_max": 0.051
    },
    "bookshelf_a_2": {
        "x_min": -3.081262,
        "x_max": -2.835364,
        "y_min": -0.615835,
        "y_max": 0.404546,
        "z_min": 0.050,
        "z_max": 0.051
    },
    "bookshelf_a_3": {
        "x_min": -3.081262,
        "x_max": -2.835364,
        "y_min": -2.295365,
        "y_max": -1.259553,
        "z_min": 0.050,
        "z_max": 0.051
    },
    "bookshelf_b_1": {
        "x_min": -3.081262,
        "x_max": -2.835364,
        "y_min": 1.029520,
        "y_max": 2.082370,
        "z_min": 0.500,
        "z_max": 0.501
    },
    "bookshelf_b_2": {
        "x_min": -3.081262,
        "x_max": -2.835364,
        "y_min": -0.615835,
        "y_max": 0.404546,
        "z_min": 0.500,
        "z_max": 0.501
    },
    "bookshelf_b_3": {
        "x_min": -3.081262,
        "x_max": -2.835364,
        "y_min": -2.295365,
        "y_max": -1.259553,
        "z_min": 0.500,
        "z_max": 0.501
    },
    "bookshelf_c_1": {
        "x_min": -3.081262,
        "x_max": -2.835364,
        "y_min": 1.029520,
        "y_max": 2.082370,
        "z_min": 0.900,
        "z_max": 0.901
    },
    "bookshelf_c_2": {
        "x_min": -3.081262,
        "x_max": -2.835364,
        "y_min": -0.615835,
        "y_max": 0.404546,
        "z_min": 0.900,
        "z_max": 0.901
    },
    "bookshelf_c_3": {
        "x_min": -3.081262,
        "x_max": -2.835364,
        "y_min": -2.295365,
        "y_max": -1.259553,
        "z_min": 0.900,
        "z_max": 0.901
    },
    "bookshelf_d_1": {
        "x_min": -3.081262,
        "x_max": -2.835364,
        "y_min": 1.029520,
        "y_max": 2.082370,
        "z_min": 1.370,
        "z_max": 1.371
    },
    "bookshelf_d_2": {
        "x_min": -3.081262,
        "x_max": -2.835364,
        "y_min": -0.615835,
        "y_max": 0.404546,
        "z_min": 1.370,
        "z_max": 1.371
    },
    "bookshelf_d_3": {
        "x_min": -3.081262,
        "x_max": -2.835364,
        "y_min": -2.295365,
        "y_max": -1.259553,
        "z_min": 1.370,
        "z_max": 1.371
    },
    "bookshelf_e_1": {
        "x_min": -3.081262,
        "x_max": -2.835364,
        "y_min": 1.029520,
        "y_max": 2.082370,
        "z_min": 1.800,
        "z_max": 1.801
    },
    "bookshelf_e_2": {
        "x_min": -3.081262,
        "x_max": -2.835364,
        "y_min": -0.615835,
        "y_max": 0.404546,
        "z_min": 1.800,
        "z_max": 1.801
    },
    "bookshelf_e_3": {
        "x_min": -3.081262,
        "x_max": -2.835364,
        "y_min": -2.295365,
        "y_max": -1.259553,
        "z_min": 1.800,
        "z_max": 1.801
    },
    "file_cabinet_large_b": {
        "x_min": -2.855946,
        "x_max": -1.863601,
        "y_min": -4.020993,
        "y_max": -3.544797,
        "z_min": 1.800,
        "z_max": 1.801
    },
    "side_table_c_1": {
        "x_min": -1.498505,
        "x_max": -1.368796,
        "y_min": -3.951138,
        "y_max": -3.744256,
        "z_min": 0.230,
        "z_max": 0.231
    },
    "side_table_c_2": {
        "x_min": -1.498505,
        "x_max": -1.368796,
        "y_min": -3.951138,
        "y_max": -3.744256,
        "z_min": 0.4275,
        "z_max": 0.4276
    },
    "side_table_c_3": {
        "x_min": -1.498505,
        "x_max": -1.368796,
        "y_min": -3.951138,
        "y_max": -3.744256,
        "z_min": 0.640,
        "z_max": 0.641
    },
    "side_table_d_1": {
        "x_min": -0.933634,
        "x_max": -0.761335,
        "y_min": -3.982208,
        "y_max": -3.793371,
        "z_min": 0.230,
        "z_max": 0.231
    },
    "side_table_d_2": {
        "x_min": -0.933634,
        "x_max": -0.761335,
        "y_min": -3.982208,
        "y_max": -3.793371,
        "z_min": 0.4275,
        "z_max": 0.4276
    },
    "side_table_d_3": {
        "x_min": -0.933634,
        "x_max": -0.761335,
        "y_min": -3.982208,
        "y_max": -3.793371,
        "z_min": 0.640,
        "z_max": 0.641
    },
    "desk_drawer_a": {
        "x_min": -0.380237,
        "x_max": 1.248510,
        "y_min": -3.985988,
        "y_max": -3.620050,
        "z_min": 0.750,
        "z_max": 0.751
    },
    "desk_drawer_b": {
        "x_min": 2.721372,
        "x_max": 3.158733,
        "y_min": -3.077271,
        "y_max": -1.381933,
        "z_min": 0.750,
        "z_max": 0.751
    },
    "file_cabinet_small_a": {
        "x_min": 2.747002,
        "x_max": 3.177263,
        "y_min": -3.981748,
        "y_max": -3.359765,
        "z_min": 0.650,
        "z_max": 0.651
    },
    "wall_cabinet_a_1": {
        "x_min": 2.990517,
        "x_max": 3.145165,
        "y_min": -2.793278,
        "y_max": -2.680897,
        "z_min": 1.450,
        "z_max": 1.451
    },
    "wall_cabinet_a_2": {
        "x_min": 2.990517,
        "x_max": 3.145165,
        "y_min": -2.560616,
        "y_max": -2.422473,
        "z_min": 1.450,
        "z_max": 1.451
    },
    "wall_cabinet_a_3": {
        "x_min": 2.990517,