{
    "table_breakfast": {
        "x_min": 1.510450,
        "x_max": 2.043614,
        "y_min": 2.531804,
        "y_max": 3.062907,
        "z_min": 0.50,
        "z_max": 0.501
    },
    "file_cabinet_large_0": {
        "x_min": 2.718190,
        "x_max": 3.152182,
        "y_min": 1.325330,
        "y_max": 3.152182,
        "z_min": 0.661,
        "z_max": 0.662
    },
    "Fridge_Cabinet_0": {
        "x_min": -0.918381,
        "x_max": 0.583937,
        "y_min": 3.618697,
        "y_max": 4.061340,
        "z_min": 0.387,
        "z_max": 0.388
    },
    "wall_left_a_0": {
        "x_min": -0.867559,
        "x_max": -0.771116,
        "y_min": 3.899559,
        "y_max": 4.058175,
        "z_min": 1.223,
        "z_max": 1.224
    },
    "wall_left_a_1": {
        "x_min": -0.617481,
        "x_max": -0.517508,
        "y_min": 3.899559,
        "y_max": 4.058175,
        "z_min": 1.223,
        "z_max": 1.224
    },
    "wall_left_a_2": {
        "x_min": -0.366445,
        "x_max": -0.280856,
        "y_min": 3.899559,
        "y_max": 4.058175,
        "z_min": 1.223,
        "z_max": 1.224
    },
    "wall_left_a_3": {
        "x_min": -0.105088,
        "x_max": -0.006049,
        "y_min": 3.899559,
        "y_max": 4.058175,
        "z_min": 1.223,
        "z_max": 1.224
    },
    "wall_left_a_4": {
        "x_min": 0.146177,
        "x_max": 0.244692,
        "y_min": 3.899559,
        "y_max": 4.058175,
        "z_min": 1.223,
        "z_max": 1.224
    },
    "wall_left_a_5": {
        "x_min": 0.398127,
        "x_max": 0.485874,
        "y_min": 3.899559,
        "y_max": 4.058175,
        "z_min": 1.223,
        "z_max": 1.224
    }
}